sex,sat_v,sat_m,sat_sum,hs_gpa,fy_gpa,sex_dummy,sex_factor,leverage,cooks_dist
1,65,62,127,3.4,3.18,1,Female,0.004279441876037038,2.7938642027112065e-4
2,58,64,122,4,3.33,0,Male,0.004871313135865923,1.1104505282108081e-5
2,56,60,116,3.75,3.25,0,Male,0.003417438657343728,1.0710127275860667e-4
1,42,53,95,3.75,2.42,1,Female,0.005585065218499791,1.0943988477667076e-4
1,55,52,107,4,2.63,1,Female,0.005261580520072281,2.9625373838122965e-4
2,55,56,111,4,2.91,0,Male,0.003907690035564302,1.0803326335831083e-4
1,57,65,122,2.8,2.83,1,Female,0.004984898574705652,4.739670339681145e-4
1,53,62,115,3.8,2.51,1,Female,0.003559107160186324,4.332491909080439e-4
2,67,77,144,4,3.82,0,Male,0.01154634140582805,3.67928628121335e-4
1,41,44,85,2.6,2.54,1,Female,0.004224858069481906,0.001737049824678006
1,58,70,128,3.75,3.38,1,Female,0.0046846995514844844,2.846530274975946e-4
2,45,57,102,3.75,3.02,0,Male,0.0029941231468973797,8.08975604374704e-5
2,43,45,88,2.8,2.6,0,Male,0.003170472114545542,6.184807834679316e-4
2,50,58,108,3.75,3.81,0,Male,0.002861641133211323,0.0016477291638398088
1,54,66,120,3.5,3.02,1,Female,0.003037480878273823,8.071028076845841e-5
2,55,57,112,3.75,3.48,0,Male,0.0030349055796993576,5.490791750587225e-4
2,44,53,97,3.2,2.15,0,Male,0.0021394965437525493,1.3340870627321017e-4
1,53,68,121,4,3.8,1,Female,0.004767170835421583,0.0015915988118560959
2,54,49,103,3.75,3.13,0,Male,0.002939344587664861,1.7641827774910433e-4
2,47,55,102,4,3.4,0,Male,0.004296407185571914,5.874723950421626e-4
1,64,76,140,4,3.59,1,Female,0.00819654350511488,1.8377078730575971e-4
2,39,33,72,3.25,1.62,0,Male,0.007365625359752383,0.0011758855211039783
1,52,65,117,3.9,3.61,1,Female,0.004081213640759417,0.0010841132899563244
1,49,58,107,3.5,2.54,1,Female,0.0025226267488085543,1.4441856918376997e-5
1,46,40,86,3.5,2.51,1,Female,0.006360245641578622,1.934981250522541e-4
2,43,49,92,2,0,0,Male,0.0081105605479882,0.017129712328427613
1,63,72,135,4,3.72,1,Female,0.006836301882435866,7.286764481542567e-4
2,46,45,91,2.3,0.87,0,Male,0.005447357673170821,0.00380819608570202
1,45,53,98,3.5,2.79,1,Female,0.003461038929843129,2.256492068982497e-4
1,35,45,80,3.5,2,1,Female,0.008516130627598966,2.8563649407459306e-4
2,54,53,107,4,3.69,0,Male,0.00394966031887276,0.0012009780650984235
2,66,66,132,3.75,3.48,0,Male,0.007040257279484408,1.8935919896371578e-4
1,40,50,90,3,2.49,1,Female,0.0033202983069957224,3.888999203768871e-4
2,53,67,120,4,3.92,0,Male,0.0045783953307855845,0.0015269044445280786
1,64,62,126,2.8,3.05,1,Female,0.00614881458833184,0.001213238316659781
1,44,39,83,2.75,2.4,1,Female,0.004574903129944545,0.0010398870091187405
1,69,64,133,3.5,2.71,1,Female,0.005762734924327775,4.2696262060396294e-4
2,47,60,107,3.75,1.58,0,Male,0.0028510232452074896,0.0036272814028372935
1,33,48,81,2,1.38,1,Female,0.007110331620435723,7.617877693678893e-7
1,61,63,124,3.75,2.52,1,Female,0.004035235995908297,7.627166145600518e-4
2,40,42,82,2.75,2.16,0,Male,0.0040175491884914425,1.1505470419969643e-4
1,52,62,114,3,2.57,1,Female,0.0026159252149585495,2.403995198948907e-5
1,56,61,117,2.25,2.64,1,Female,0.007796774685843783,0.0017601648762450536
1,38,49,87,3.5,2.47,1,Female,0.006046708990307344,9.758789640984914e-5
1,54,47,101,3,1,1,Female,0.0020622914443321903,0.0023635926880364038
1,33,43,76,3,2.73,1,Female,0.007210273603657978,0.003875293557394494
2,36,45,81,2.67,2.42,0,Male,0.004335975742272697,8.483444404053251e-4
2,36,47,83,3,2.3,0,Male,0.0036807682508853525,9.013312464563936e-5
2,64,60,124,3.8,3.33,0,Male,0.00484636865128526,6.607730659971625e-5
1,49,42,91,3.1,2.37,1,Female,0.003316343002181147,1.0660343488279175e-4
1,57,66,123,3,2.11,1,Female,0.004294059788364252,7.377369930985435e-4
1,50,60,110,3,2.91,1,Female,0.002210149152407266,4.233465944480859e-4
2,48,49,97,3,3.29,0,Male,0.002335627274435606,0.0015551777800701476
2,54,55,109,3.25,2.67,0,Male,0.002545589235698285,3.775810397503685e-7
1,64,66,130,3.2,2.78,1,Female,0.005502948587082771,4.929328758775748e-6
2,57,50,107,3.8,3.13,0,Male,0.003025561126597637,8.624471621649858e-5
2,49,55,104,2.5,2.94,0,Male,0.005266556556320405,0.0023350559125700477
2,64,68,132,4,4,0,Male,0.007120659528103354,0.0017067004886286883
1,66,57,123,3.75,2.9,1,Female,0.0039055683306324263,3.713067569942136e-5
2,43,46,89,3.5,2.92,0,Male,0.003629562775709429,4.930413942950224e-4
1,46,50,96,2.9,1.91,1,Female,0.0024339558538594343,8.15325068833732e-5
1,41,51,92,2.9,3.11,1,Female,0.0029047216027086485,0.0023095340882929214
1,62,64,126,2.3,2.02,1,Female,0.01038032175228728,4.09338856659869e-4
1,43,63,106,2.8,2.51,1,Female,0.002421920831764148,1.4481512826597823e-4
2,52,52,104,4,3.51,0,Male,0.004118470570550442,7.876413606872977e-4
2,45,54,99,4,3.24,0,Male,0.004661406778958651,3.466931624394552e-4
2,45,59,104,3.8,2.02,0,Male,0.003096620835070872,0.0016854135592046103
2,71,59,130,4,2.65,0,Male,0.006566155934077689,0.0026797805792796872
2,43,52,95,3.25,1.74,0,Male,0.002263621087032558,8.051867162570059e-4
1,55,54,109,2.7,1.54,1,Female,0.00303601644135077,9.98976578062941e-4
1,40,62,102,3.5,2.34,1,Female,0.002913173954910615,9.50178787266356e-5
2,66,61,127,3,2.49,0,Male,0.008085513360098844,5.442359078844325e-4
1,54,62,116,3.25,2.49,1,Female,0.0024880284145671803,3.421797776232338e-5
1,45,60,105,2.75,2.08,1,Female,0.002523319498898324,1.815024381685234e-5
1,57,56,113,3,2.19,1,Female,0.002494862265149823,1.1498330557832651e-4
2,37,51,88,2.5,1.8,0,Male,0.004244908166408586,4.0391488947763e-5
2,35,40,75,2.8,2.22,0,Male,0.005441207389381549,4.5386424668985355e-4
1,61,59,120,3.5,2.95,1,Female,0.003037480878273823,3.245008283650194e-5
2,50,51,101,3.25,2.67,0,Male,0.002070561632583382,2.8282945431894405e-5
1,50,56,106,4,2.89,1,Female,0.005394990168401859,2.4089579423706703e-8
1,44,57,101,3.5,2.66,1,Female,0.0030305212644728377,3.350845067296058e-5
1,58,50,108,3,2.18,1,Female,0.002085736857815246,5.1849196633575305e-5
2,53,56,109,3.5,2.81,0,Male,0.002433029189787191,3.862913671186864e-7
1,42,52,94,3.75,2.06,1,Female,0.005834696947194755,0.0011015539447792153
1,60,57,117,4,2.8,1,Female,0.004646844956376376,2.3162620068717862e-4
1,39,53,92,3,2.59,1,Female,0.0029738561814860107,4.7850344714429443e-4
1,49,50,99,3.5,2.33,1,Female,0.0033044537519390945,7.423483152845856e-5
1,45,65,110,4,3.55,1,Female,0.004939827311767172,0.0012790897060896216
1,60,67,127,4,2.75,1,Female,0.005340038337407503,8.434543308513578e-4
2,50,43,93,3.75,3.59,0,Male,0.004075698205117212,0.0024088824270624577
1,29,50,79,3.25,1.54,1,Female,0.007258626165496883,0.0014310216048328383
1,48,60,108,3.75,2.98,1,Female,0.0035300680851667997,9.884748559311713e-5
2,34,40,74,3,1.28,0,Male,0.005899208193538382,0.0020995734200364062
1,49,47,96,2.5,1.24,1,Female,0.003321876320819971,0.0010567317556252898
2,50,67,117,4,2.93,0,Male,0.004237113294019724,2.201859818884438e-4
2,53,52,105,3.75,2.48,0,Male,0.002869025337541635,3.219837184169174e-4
1,62,63,125,4,2.98,1,Female,0.005096765345623115,1.555263995975024e-4
2,53,56,109,2.7,1.17,0,Male,0.004781560803790568,0.004841263703587923
1,46,55,101,3.5,2.04,1,Female,0.0030305212644728377,5.426420584787661e-4
2,63,57,120,3.2,2.37,0,Male,0.004745438911021679,6.30140445879432e-4
2,44,64,108,3.5,3,0,Male,0.002368602619334235,8.32568472976951e-5
2,63,57,120,2.75,2.98,0,Male,0.0073813121754429615,0.0010192644548806338
2,49,58,107,3.4,2.55,0,Male,0.002261911542277145,4.127610175869697e-5
1,42,55,97,2.8,1.86,1,Female,0.0024516659141774633,8.960762836955414e-5
1,58,56,114,2,2.09,1,Female,0.009575824012209548,2.5583623549410643e-4
1,63,73,136,4,2.89,1,Female,0.0070821916280771275,0.0011146815408447795
2,62,64,126,4,3.38,0,Male,0.0056141002193936035,8.089498401480512e-6
2,57,60,117,3.9,3.94,0,Male,0.003892791736546668,0.0018057510812208536
1,45,71,116,3,2.28,1,Female,0.0028972889829178136,9.116341121755086e-5
1,59,72,131,3,2.43,1,Female,0.006675126647139257,4.0723593074609666e-4
2,45,64,109,4,2.77,0,Male,0.00390251659832399,2.626889231259577e-4
2,52,52,104,2,3.33,0,Male,0.01016820521920102,0.015718889743927628
1,43,64,107,3,2.39,1,Female,0.002043149644690141,2.3886425315441345e-6
2,43,46,89,3.7,2.37,0,Male,0.004597890827096358,1.7612766516684876e-4
1,60,68,128,4,3.82,1,Female,0.005481293767470602,0.001388931554937554
1,50,77,127,3.75,3.63,1,Female,0.004502714728419533,0.0010070308396478143
1,61,58,119,2.5,1.78,1,Female,0.006174934300782608,0.0010193522832487114
1,48,59,107,3,3.22,1,Female,0.002043149644690141,0.0011210689988110762
1,71,70,141,3.5,2.42,1,Female,0.008538474650854761,0.003354847125125791
1,54,71,125,4,3.82,1,Female,0.005096765345623115,0.0015004031098069547
2,53,54,107,4,3.6,0,Male,0.00394966031887276,8.898901194060913e-4
2,45,46,91,3.75,1.84,0,Male,0.0044599204019749265,0.002172914814360324
1,55,68,123,3.5,3.3,1,Female,0.0034701963164233732,4.5589310299071136e-4
1,63,66,129,3.8,3.7,1,Female,0.004985747095250653,0.0011623369603475434
1,51,59,110,3,2.89,1,Female,0.002210149152407266,3.9104503463387104e-4
1,43,39,82,2.3,2.38,1,Female,0.005502833731834031,0.002602893032422388
2,50,49,99,3.75,2.97,0,Male,0.003236934561278558,8.401781231976003e-5
2,51,50,101,4,3.37,0,Male,0.004404994427253555,5.62476042369044e-4
1,57,64,121,3.75,3.18,1,Female,0.0036854708684224955,1.0337747299844862e-4
2,42,44,86,3,1.33,0,Male,0.003176715480051875,0.001599419218802509
1,57,64,121,4,3,1,Female,0.004767170835421583,5.26207838197737e-5
1,58,66,124,4,3.75,1,Female,0.004994747783901826,0.001228175352898535
1,40,57,97,2.6,2.24,1,Female,0.002928209662059213,1.5166474408087e-4
2,49,44,93,2.75,2.44,0,Male,0.003048995570215661,2.117829438428549e-4
1,52,73,125,2.5,2.72,1,Female,0.008057108477467989,8.197400394562252e-4
1,62,58,120,2.5,1.69,1,Female,0.006455931773278662,0.0015915525686859566
2,52,59,111,3.75,3.19,0,Male,0.0029719705339064434,1.0878950831163594e-4
2,35,50,85,3.5,3.1,0,Male,0.004496675386362852,0.0014865553476511558
2,54,59,113,4,2.71,0,Male,0.003965180630593694,5.227401276266588e-4
2,67,70,137,4,3.45,0,Male,0.008735806078494748,1.9184202127523965e-5
2,52,45,97,3.25,3.36,0,Male,0.0021469507777604185,0.0012292361128930468
2,45,53,98,3.2,1,0,Male,0.0021089262018877553,0.003252146948889685
1,51,73,124,3.75,3.08,1,Female,0.004035235995908297,7.427631138799653e-6
2,53,51,104,2.75,3.16,0,Male,0.003663035975059588,0.00197040265333451
1,67,66,133,3.75,3.66,1,Female,0.005790813008518301,0.0010231711228126494
2,59,63,122,4,3.82,0,Male,0.004871313135865843,0.0010580584935304144
1,64,70,134,3.75,3.94,1,Female,0.006051273568266876,0.0025302094263496442
2,58,58,116,3.75,3.79,0,Male,0.003417438657343717,0.0013881976457957516
2,46,57,103,3.25,2.91,0,Male,0.0021108427966784857,1.8372042675389712e-4
1,39,56,95,3,2.33,1,Female,0.002552287664075971,5.019283277165353e-5
2,45,55,100,3.5,3.06,0,Male,0.0023240444758123174,2.738890905689821e-4
1,48,54,102,3,1.91,1,Female,0.002026402920773673,1.9344888871224085e-4
2,41,58,99,3,2.47,0,Male,0.002352732908956253,1.9730140877142704e-5
2,54,60,114,3.5,2.96,0,Male,0.002951351383761026,1.6564559088292934e-5
1,54,55,109,3.67,2.13,1,Female,0.003080301918192064,8.722097442622576e-4
2,38,32,70,2.4,1.98,0,Male,0.007343468153001808,8.527967182779736e-4
2,57,66,123,3.5,3.64,0,Male,0.00470832656809196,0.0013595433363886773
2,44,59,103,2,0.6,0,Male,0.009924798737973299,0.011710140037548727
2,35,52,87,3,2.39,0,Male,0.00303485646866859,9.906547856635263e-5
1,60,53,113,3.5,1.95,1,Female,0.0024855866532460013,0.0010718783624797726
1,53,62,115,4,3.37,1,Female,0.004665157753537395,3.9092210183865365e-4
2,41,52,93,4,3.02,0,Male,0.005744546780808424,1.542342535626637e-4
1,44,44,88,3,1.03,1,Female,0.0037190575902945147,0.002856129056396263
2,51,54,105,4,3.42,0,Male,0.00404912119721061,4.886889793126199e-4
2,54,69,123,4,3.31,0,Male,0.005037390972576878,1.5514738161825189e-6
1,68,69,137,3.5,2.31,1,Female,0.007045970472013108,0.003138253704873343
1,56,67,123,4,2.61,1,Female,0.004905809511627808,0.001057452470081173
1,41,49,90,2,0,1,Female,0.006370175376068845,0.010906839643931101
1,62,71,133,3.7,3.24,1,Female,0.005740007858337289,4.176610156770965e-5
2,55,57,112,4,3.48,0,Male,0.003929895688355362,3.697893732007492e-4
2,34,37,71,2.8,2.26,0,Male,0.006584591007461357,9.306011466383553e-4
2,49,43,92,3.25,2.4,0,Male,0.0025367212217952953,5.8872880884103445e-8
2,49,62,111,3.75,3.76,0,Male,0.0029719705339064434,0.0013621274612188497
2,49,61,110,2.75,1.14,0,Male,0.004665010866785243,0.005327463776529046
1,42,65,107,2.25,1.47,1,Female,0.005560452739409988,8.636045873324365e-4
1,49,48,97,3,2,1,Female,0.0023366384330389626,6.514865249322606e-5
2,57,45,102,2.25,1.13,0,Male,0.00704267141736308,0.0038132356733039364
2,43,47,90,2.5,1.7,0,Male,0.004189504162885779,1.831446344852358e-4
1,40,46,86,2,1.14,1,Female,0.006568340812425865,5.197996447113997e-4
1,49,54,103,3.2,2.54,1,Female,0.0020545813858582826,2.9206792825617984e-5
1,56,46,102,2.5,1.64,1,Female,0.0033991085537820468,3.0943877073405073e-4
1,38,50,88,2.5,2.95,1,Female,0.003951340219251008,0.003943250830896458
1,58,64,122,3,3.17,1,Female,0.0040552832335300935,0.001025543708045968
2,41,47,88,4,1.12,0,Male,0.0070068439088165,0.01364834360142045
2,42,51,93,2.5,1.72,0,Male,0.004204492828456095,2.2507425166152023e-4
1,53,51,104,2.3,1.91,1,Female,0.004776389695821238,3.3488824177966645e-8
2,53,41,94,2.9,3,0,Male,0.0025928221872771866,0.0011158382733850516
2,53,59,112,2.75,3.2,0,Male,0.0051036368129386235,0.0022476265884110217
1,62,69,131,3,3.25,1,Female,0.006675126647139257,0.0013776261008906538
2,59,69,128,3.2,2.26,0,Male,0.0072736855389246334,0.0023195741503612296
2,45,45,90,3,2.73,0,Male,0.002687755171202356,4.991388581303316e-4
1,58,57,115,3.4,2.47,1,Female,0.0024315547737139348,9.009173636200908e-5
2,62,57,119,4,3.19,0,Male,0.00445155536241636,4.6683591452001255e-6
2,37,55,92,3.5,1.38,0,Male,0.0031165608569157,0.003013245894692794
2,53,56,109,3.25,2.8,0,Male,0.002545589235698285,3.844895592055111e-5
1,50,63,113,3.4,2.52,1,Female,0.0023066836422551405,3.529996134943304e-5
2,45,63,108,2.75,2.53,0,Male,0.004278702078420944,8.861734567681136e-5
2,35,41,76,2,2.24,0,Male,0.008296795155892989,0.0037916204450409757
2,35,32,67,2.25,1.43,0,Male,0.00864670081189243,3.0679797194132758e-6
2,44,41,85,2.5,2.06,0,Male,0.004426108842547324,1.1853685352925535e-4
2,52,53,105,3.5,3.52,0,Male,0.0022537986446589885,0.0010101682966890463
1,41,43,84,2.25,1.58,1,Female,0.005380502607851341,2.0353466329377255e-8
2,32,38,70,2.2,0.82,0,Male,0.008105909061817842,0.0025137346245625893
1,65,64,129,2.5,2.21,1,Female,0.009573477050870315,2.790702175808471e-4
1,50,48,98,2,1.18,1,Female,0.006601650396823778,0.0010822132703471356
1,58,57,115,2.5,3.64,1,Female,0.005181737305271095,0.007902872617478277
1,42,50,92,2.7,2.37,1,Female,0.003037589645211362,3.8569849771445474e-4
1,39,43,82,2.25,1.18,1,Female,0.005691837006506261,5.595445056154111e-4
1,53,70,123,4,3.19,1,Female,0.004905809511627808,4.677510913421057e-6
1,49,54,103,3,1.59,1,Female,0.0020035936866624263,7.080016503459638e-4
1,52,66,118,3.75,3.14,1,Female,0.0034534193459621262,1.0295267802973494e-4
1,51,56,107,2.75,3.63,1,Female,0.0026507148428104275,0.0038760943825079065
1,58,57,115,3,3.13,1,Female,0.0027500674542145468,8.618832593763326e-4
1,56,64,120,4,3.09,1,Female,0.004717470431489376,1.0778295642595533e-6
1,40,58,98,2.75,2.21,1,Female,0.0024894334127949754,3.440297225001895e-5
2,63,56,119,4,2.86,0,Male,0.00445155536241636,4.388499441119366e-4
1,48,53,101,2.67,1.16,1,Female,0.0026610010813015667,0.0016109272213588482
2,53,62,115,4,3.89,0,Male,0.004074988383412168,0.001552230010347815
2,73,60,133,4,3.89,0,Male,0.007417530259287092,0.0010847577245923867
1,47,41,88,3,1.45,1,Female,0.0037190575902945147,9.987128431414958e-4
1,57,49,106,3,2.69,1,Female,0.0020136417210123068,1.844427645989552e-4
2,44,56,100,2.6,2.27,0,Male,0.00405321600839224,3.92551441289657e-5
2,49,54,103,3.33,2.25,0,Male,0.0020915662512041404,1.943769921072579e-4
2,62,57,119,4,3.36,0,Male,0.00445155536241636,5.6521575247864306e-5
1,50,68,118,3,2.32,1,Female,0.0032309699086661586,9.289005646461173e-5
2,61,49,110,4,2.91,0,Male,0.0038985636722205104,9.145087668266005e-5
2,64,59,123,4,3.77,0,Male,0.005037390972576878,8.48062934014444e-4
1,48,64,112,3.8,3.04,1,Female,0.003586920483577932,7.261568267607879e-5
1,36,53,89,2.75,1.44,1,Female,0.0033875744280084177,5.997040419208437e-4
2,42,60,102,3.8,2.07,0,Male,0.00320939042128938,0.0014364640720668925
1,54,61,115,3.25,2.69,1,Female,0.0023815362788657656,1.0418405325358161e-5
2,49,51,100,3.75,2.67,0,Male,0.003142918133704228,3.643461707649975e-5
1,54,51,105,3.5,1.97,1,Female,0.002639607762907567,7.554995348480139e-4
1,43,49,92,2.25,1.08,1,Female,0.004658336591122478,0.0013074380250035261
1,31,46,77,2,0.92,1,Female,0.007779351476894475,9.614349120191627e-4
2,39,33,72,3.5,1.7,0,Male,0.008760052854909847,0.0017827086474542148
2,55,59,114,3.25,3,0,Male,0.0032675583946813846,1.6976104770553168e-4
2,53,57,110,3.75,3.34,0,Male,0.0029221147775607996,3.225065229802905e-4
1,47,45,92,3.75,1.69,1,Female,0.006373198272926503,0.003347979375027128
1,69,61,130,4,3.37,1,Female,0.005803042495938611,4.9927157934776e-5
2,55,38,93,2.75,1.52,0,Male,0.003048995570215661,8.257165456116446e-4
1,44,55,99,3.75,2.73,1,Female,0.004717331198192618,2.4625108610722872e-5
2,53,50,103,3.25,1.91,0,Male,0.0021108427966784857,6.532450464235584e-4
2,68,62,130,3.7,2.98,0,Male,0.006439706992544866,2.9344270512584854e-4
2,39,35,74,3.1,2.33,0,Male,0.006130663710470994,3.9268574220213936e-4
1,40,45,85,3,1.79,1,Female,0.004415291186097231,1.578783913936292e-4
1,44,54,98,3.75,3.48,1,Female,0.004914645769098504,0.002588105686269735
2,52,52,104,3,1.63,0,Male,0.0026243845605851013,0.0012471231232863325
2,59,49,108,3,2.33,0,Male,0.003077133091939046,6.520275585410977e-5
2,63,54,117,3.75,3.35,0,Male,0.0035457701503729825,2.2019552592660526e-4
1,62,71,133,4,3.43,1,Female,0.006383760259495153,6.994665478204203e-5
1,48,41,89,2.3,1.71,1,Female,0.0045850297516664505,2.526769506746301e-6
1,52,52,104,3.75,3.19,1,Female,0.003926947685372237,6.250322579964389e-4
1,43,50,93,2.5,1.69,1,Female,0.003459830611877082,6.894354227499557e-5
1,47,64,111,4,3.08,1,Female,0.004858734821226675,4.3356890545982426e-5
2,33,32,65,3,1.43,0,Male,0.009177070581420308,0.001132631434216034
2,67,54,121,3.25,2.79,0,Male,0.004827645374043078,8.860903535375707e-6
2,51,41,92,3.5,1.7,0,Male,0.0031165608569157,0.0015736599663861198
2,43,52,95,4,3.23,0,Male,0.005331182955736085,5.353303329299099e-4
2,40,42,82,3.5,2.12,0,Male,0.005284342383549257,2.6076618201943116e-4
1,50,58,108,4,3.67,1,Female,0.0051412501611899745,0.0020906451436377075
2,76,57,133,4,3.94,0,Male,0.007417530259287092,0.001341116999232291
2,47,50,97,3.5,1.4,0,Male,0.0025231434478715587,0.002682702780807353
2,45,49,94,3.4,1.9,0,Male,0.0025728193852951934,6.91732468806208e-4
2,41,38,79,3.6,1.56,0,Male,0.006791615050119066,0.003421190922181006
1,56,54,110,4,1.85,1,Female,0.004939827311767172,0.004388120496405717
1,57,58,115,3,3,1,Female,0.0027500674542145468,5.54620553336277e-4
1,36,52,88,3.4,2.37,1,Female,0.0051600546874739465,2.984795676868265e-5
1,38,50,88,3.75,2.31,1,Female,0.007607152397757241,1.5405513081931656e-4
1,59,66,125,4,3.77,1,Female,0.005096765345623115,0.001273566072838433
2,40,51,91,3.8,2.35,0,Male,0.004764792340971002,3.916565370273922e-4
1,58,62,120,4,3.79,1,Female,0.004717470431489376,0.0015999523375063696
2,52,52,104,3.75,2.54,0,Male,0.0028976453178796127,2.124847783734499e-4
2,64,53,117,3,2.19,0,Male,0.004860955720150733,7.147625424734706e-4
2,42,47,89,3,2.36,0,Male,0.0027903763142438304,4.6346195676165626e-5
1,41,52,93,2.2,2.05,1,Female,0.004928125347491845,4.702093581800954e-4
2,38,49,87,3.25,2.19,0,Male,0.0032534739020119306,3.84036032452686e-5
2,50,55,105,3.25,1.8,0,Male,0.0022034411185626714,0.0010074729392046992
2,66,52,118,2.8,3.23,0,Male,0.006366455481490265,0.00219665318483974
2,41,59,100,3.3,0.48,0,Male,0.0020756513495849456,0.0064157818249941925
1,46,62,108,2.1,2.02,1,Female,0.007063185086414966,1.274489276247046e-4
2,59,51,110,3.4,2.44,0,Male,0.0025040665252382363,1.7996118314518976e-4
1,45,49,94,2.4,1.77,1,Female,0.003816110827797292,5.660855708161114e-6
1,46,58,104,3.7,3.2,1,Female,0.0036399120557804813,6.766401690752179e-4
2,50,58,108,2.7,2.15,0,Male,0.004586800175731681,1.1239335790264308e-4
1,50,60,110,3.5,2.6,1,Female,0.0024452498985145614,9.965289268266472e-6
2,58,57,115,3.6,3.38,0,Male,0.0031096424960288917,4.307598096452445e-4
1,56,50,106,2.5,0.55,1,Female,0.0037121824980355035,0.00611709325343711
1,46,57,103,4,3.76,1,Female,0.005873694850074213,0.003580445461864421
2,47,48,95,3.25,3.06,0,Male,0.002263621087032558,6.298752274270788e-4
2,45,51,96,3.1,1.7,0,Male,0.0022197302498624945,7.269379517918983e-4
1,55,65,120,2.1,2.62,1,Female,0.010353925998483348,0.0025007760445743725
2,53,56,109,2.8,1.65,0,Male,0.004171667618639803,0.001728695414668907
2,51,55,106,3.5,1.89,0,Male,0.0022789873467701336,0.0012193942241895837
2,42,39,81,3.1,0.77,0,Male,0.0041996130952047786,0.005749438480706425
1,50,65,115,2.9,3.24,1,Female,0.0030556432910542317,0.0015027498218918745
1,46,57,103,2.8,2.93,1,Female,0.0023141222542098203,9.520180827998217e-4
2,69,55,124,4,3.57,0,Male,0.005216548098735183,2.675221461599453e-4
2,55,53,108,2.8,2.72,0,Male,0.003993198747781659,3.1785286133497175e-4
2,48,53,101,3.3,2.4,0,Male,0.0020680271188612217,3.86588060634168e-5
1,52,46,98,2.5,2.03,1,Female,0.003295303240684915,2.277546647478131e-5
1,53,52,105,2.7,2.21,1,Female,0.002696325081335999,6.653950209965864e-6
1,58,60,118,2.3,2.15,1,Female,0.007610088068161581,2.6170726570621643e-6
2,50,48,98,2.6,1.75,0,Male,0.003879617737371123,3.9443553633581685e-4
2,44,50,94,2.75,2.04,0,Male,0.0030394209779651205,2.4836391974210967e-5
2,39,51,90,2.75,1.15,0,Male,0.0031561950836509027,0.002002173876353694
2,45,53,98,2.5,1.79,0,Male,0.004491059726685363,2.528937971516069e-4
2,63,64,127,3.8,3.63,0,Male,0.005560066309648244,6.192627096963941e-4
2,47,47,94,2.7,2,0,Male,0.003233476774870672,3.2805645983471e-5
2,62,56,118,3.25,3.13,0,Male,0.00408056093191873,3.350670409403031e-4
2,44,57,101,2.3,2.67,0,Male,0.006411723060880531,0.002087812122692447
1,39,38,77,3.2,2.24,1,Female,0.007745561917552098,3.264284591362869e-4
2,42,42,84,2.9,3.04,0,Male,0.0035215124929208683,0.002378242217082644
2,48,43,91,2.8,3.27,0,Male,0.0029603592286255665,0.0028035412644804264
1,41,45,86,3.4,3.28,1,Female,0.005741465186167749,0.004445207109576108
1,50,59,109,2.5,2.56,1,Female,0.004084320495421935,6.245445901544084e-4
1,48,63,111,3.8,2.85,1,Female,0.003622350170269675,1.5778271507531478e-7
2,50,62,112,3.3,3.38,0,Male,0.0028473936844200976,8.739218527725134e-4
1,57,62,119,3.2,2.84,1,Female,0.002947080774483376,8.058462093427505e-5
2,47,55,102,3.3,3.22,0,Male,0.002073482177584767,6.232300067381868e-4
1,57,66,123,2.6,2.24,1,Female,0.006579973766261582,8.461889747463798e-5
1,36,56,92,3.1,2.08,1,Female,0.0031333698269491858,2.0548319735800245e-5
1,42,51,93,3.1,2.67,1,Female,0.0029634759411644946,4.948669112008307e-4
2,49,38,87,3.2,2.13,0,Male,0.0031645608820003567,5.852452050423259e-5
1,62,75,137,3.8,3.55,1,Female,0.006951947386647202,4.3539108513708833e-4
1,42,66,108,3.3,1.5,1,Female,0.002053410648626632,0.001586670132973734
1,47,53,100,2.8,2.54,1,Female,0.0023240372816809253,2.8241155554886444e-4
2,49,58,107,3.5,1.19,0,Male,0.002317255338328549,0.00416486749130437
1,45,53,98,2.2,2.08,1,Female,0.005007974334310795,3.6210774098249435e-4
2,39,42,81,2.75,0,0,Male,0.0041840752541092265,0.01153394540835256
1,43,50,93,3.25,1.69,1,Female,0.0033477695235940427,8.298457075744753e-4
1,39,50,89,3,2.26,1,Female,0.0035131383039214833,8.918820817739511e-5
2,54,56,110,3.7,3.13,0,Male,0.002794609298643217,8.759421397716752e-5
2,47,46,93,2.9,1.73,0,Male,0.002626834415328839,4.4719739224854504e-4
2,38,43,81,2.7,2.58,0,Male,0.00427223462920996,0.0013614999342047897
2,39,63,102,2.8,2.09,0,Male,0.0031970506010254706,9.947725404694382e-5
1,55,70,125,3.7,3,1,Female,0.0040620107716474625,8.717320548537766e-7
2,54,61,115,3,2.04,0,Male,0.004372995665528356,0.0010287421520532168
1,65,60,125,3.5,2.94,1,Female,0.0038240697224260914,3.2964262455734795e-6
2,44,43,87,4,2.31,0,Male,0.007298541202759927,9.699239991619863e-4
1,56,59,115,3.75,2.63,1,Female,0.0033390814285271892,1.6568413292726976e-4
2,51,61,112,3.5,2.79,0,Male,0.0027047846378296806,5.170158635794361e-6
1,40,58,98,2.9,1.9,1,Female,0.0022770487161184495,1.0790781982598846e-4
2,47,50,97,3.5,3,0,Male,0.0025231434478715587,2.7734412250334363e-4
2,52,51,103,2.8,1.83,0,Male,0.0032970437351999933,5.572750214504784e-4
1,48,54,102,2.8,2.33,1,Female,0.0023043479739195847,4.751357984216914e-5
1,50,58,108,3.2,3.24,1,Female,0.001973806985003691,8.329842620132546e-4
1,53,59,112,3.2,2.7,1,Female,0.002144614674370883,4.063985801390286e-5
1,54,44,98,2.7,1.5,1,Female,0.002605417845030056,5.594931808133862e-4
1,51,42,93,3,3,1,Female,0.0028202540529020602,0.0015329483109198826
1,53,59,112,2.4,2.34,1,Female,0.005282767996500323,2.3718384198295148e-4
2,58,66,124,4,3.44,0,Male,0.005216548098735183,6.951907145187454e-5
2,48,60,108,3,1.88,0,Male,0.003077133091939046,8.612111632113994e-4
1,57,60,117,2.1,2.86,1,Female,0.009354670362928105,0.005071837536420605
2,40,34,74,2.75,2.56,0,Male,0.005715977817957282,0.0021715308753874527
1,41,40,81,2,1.49,1,Female,0.007110331620435723,4.989145539237195e-5
1,49,57,106,2.8,2.5,1,Female,0.002421920831764148,1.3490414646519575e-4
2,49,50,99,2.9,1.83,0,Male,0.0026189503887279826,4.316845263964446e-4
1,55,57,112,2.5,2.38,1,Female,0.004574172097833798,1.7978702999049573e-4
1,37,40,77,3.1,1.82,1,Female,0.007251292847391995,8.219598439895698e-5
1,43,46,89,2.8,2.12,1,Female,0.003367497669848125,6.146748396476936e-5
1,47,59,106,3.1,2.59,1,Female,0.0019450707656651052,5.622151386772113e-5
1,53,57,110,3,2.59,1,Female,0.002210149152407266,6.032500393324988e-5
2,40,50,90,3.1,2.02,0,Male,0.00265854257292311,1.3028614114978939e-4
2,45,48,93,3.7,2.93,0,Male,0.0038097127899933314,2.0073907103085502e-4
2,46,47,93,2.9,2.24,0,Male,0.002626834415328839,1.2477376310798966e-6
1,54,54,108,2.5,2.19,1,Female,0.003947195206845854,3.093607245108618e-5
1,41,60,101,3.4,1.95,1,Female,0.0026561171670730827,5.429547039321054e-4
1,64,64,128,4,3.54,1,Female,0.005481293767470602,3.8261980558082205e-4
2,62,61,123,3.75,2.86,0,Male,0.004590424186941254,2.810757704492421e-4
1,48,56,104,3.8,2.17,1,Female,0.004236578081635448,0.0010377546012503285
2,46,49,95,3.4,2.3,0,Male,0.002470427660687106,9.00361511770047e-5
1,36,64,100,3.5,2.48,1,Female,0.0031609478634823307,3.90126007979422e-6
2,40,48,88,3.5,3.02,0,Male,0.0038267219942018788,8.346651030966005e-4
2,46,60,106,3.5,3.14,0,Male,0.0022789873467701336,2.524911378568342e-4
1,55,60,115,2.7,2.22,1,Female,0.003937932164791037,2.0901349426928583e-5
1,51,36,87,2.9,3.27,1,Female,0.0037874628013337486,0.004536812865538572
2,42,35,77,2.5,2.47,0,Male,0.005484799381263853,0.002102309138025198
2,50,53,103,2.8,2.85,0,Male,0.0032970437351999933,6.923778424716532e-4
2,50,52,102,4,3.77,0,Male,0.004296407185571914,0.002018678871678762
1,41,50,91,2.7,2.91,1,Female,0.0031553957916403592,0.0021720487705713253
1,50,53,103,3.5,2.61,1,Female,0.0028089059347956614,3.709105517185687e-6
2,50,53,103,4,3.78,0,Male,0.004200899233337543,0.0019471137151710121
1,46,54,100,2.9,1.19,1,Female,0.0021724587361665456,0.001563407265449242
2,60,62,122,3.2,2.37,0,Male,0.005299024831313795,8.095599006762967e-4
1,49,65,114,3.7,3.69,1,Female,0.0031215505246887003,0.0016069349535081663
1,43,59,102,2.7,1.73,1,Female,0.002578889100521259,2.638669862333109e-4
2,50,47,97,2.7,2.48,0,Male,0.0033076663706037845,2.3948868742827708e-4
2,49,60,109,3,2.35,0,Male,0.0032230184483957075,6.466403687298625e-5
1,52,50,102,3.5,1.95,1,Female,0.002913173954910615,7.663074824560126e-4
2,62,52,114,3.2,3.46,0,Male,0.0033985840968798154,0.0014089015592555153
2,47,56,103,2.8,2.27,0,Male,0.0032970437351999933,4.2959393628802655e-6
2,41,57,98,2.5,2.14,0,Male,0.004491059726685363,1.6918103203934354e-5
1,43,64,107,2.5,3.34,1,Female,0.0038231492077170437,0.004478591493704258
2,46,48,94,3.3,2.42,0,Male,0.002396061812319967,1.8912693712480455e-6
1,52,67,119,3.3,3.22,1,Female,0.0028474751088981656,5.551475068857111e-4
1,47,71,118,2.4,1.3,1,Female,0.006713362559604795,0.0038386858452412816
1,47,61,108,3.2,1.79,1,Female,0.001973806985003691,6.745991828723409e-4
2,32,54,86,3,2.8,0,Male,0.003176715480051875,9.373937751692545e-4
2,45,45,90,2.6,2.8,0,Male,0.0037083962311774683,0.0017217944630928338
1,59,59,118,2.4,0.8,1,Female,0.006713362559604795,0.009408082440394419
2,52,40,92,3.5,2.45,0,Male,0.0031165608569157,1.5911614718499808e-5
2,46,56,102,3.7,2.33,0,Male,0.0028014506391768335,4.475760634435203e-4
1,31,51,82,2.7,1.76,1,Female,0.004804219134628497,5.076714005015818e-6
2,35,48,83,3,2.88,0,Male,0.0036807682508853525,0.0015600534513746686
1,45,57,102,3.1,2.52,1,Female,0.0020229989942294364,5.360905962268668e-5
1,54,53,107,3.2,1.54,1,Female,0.0019638032862800683,0.0012080570885592411
2,43,47,90,3.7,2.66,0,Male,0.004381227383649696,6.545109691174594e-6
2,52,50,102,3.9,3.16,0,Male,0.0037077092700877404,1.6741996733837854e-4
1,49,58,107,3.8,1.94,1,Female,0.0038948618115093514,0.002076964326105878
2,45,49,94,3.1,2.91,0,Male,0.002313683866426952,5.423719902908637e-4
2,62,51,113,2.9,2.37,0,Male,0.004431654849277164,7.444558226099252e-5
1,61,64,125,4,3.67,1,Female,0.005096765345623115,8.756330818774666e-4
1,50,59,109,4,4,1,Female,0.005033999091754938,0.004134371480776601
1,46,53,99,2.6,2.94,1,Female,0.0028952116464172153,0.0018426324012865284
2,39,64,103,2.9,1.37,0,Male,0.0028752801599394857,0.0020793401537272838
1,42,46,88,2.75,2.13,1,Female,0.003552764321379597,1.1581257650537417e-4
2,46,57,103,3.3,2.68,0,Male,0.002092016525755584,1.1912969558002063e-5
1,40,62,102,2.7,2.71,1,Female,0.002578889100521259,6.834918722238605e-4
1,45,35,80,2.4,1.57,1,Female,0.005605138310550152,3.6644843844664178e-6
1,53,56,109,2.5,2.38,1,Female,0.004084320495421935,2.3037957171161925e-4
2,67,59,126,3.4,1.16,0,Male,0.005783611763682482,0.014308113665206665
2,59,58,117,3.9,2.81,0,Male,0.003892791736546668,3.1096207329368186e-4
2,47,58,105,3.4,2.52,0,Male,0.002165871334206102,3.9144268742266596e-5
2,39,45,84,2.5,1.72,0,Male,0.004512667646821443,5.799371908995358e-5
2,39,53,92,2.9,2.23,0,Male,0.002673925932827761,1.8598042329692434e-6
1,54,58,112,3,1.43,1,Female,0.0023868786047883672,0.0017194479474766037
1,46,52,98,2.5,1.54,1,Female,0.003295303240684915,3.6872899879435297e-4
2,59,56,115,3.8,3.24,0,Male,0.0034115573063489045,8.497910764388353e-5
1,48,60,108,3.6,2.18,1,Female,0.002834496039610332,5.563219623493217e-4
1,43,51,94,2.3,1.77,1,Female,0.004321834163536289,3.559886390306096e-7
1,48,62,110,3.4,2.16,1,Female,0.002217471615921477,0.00033889701718205803
2,34,53,87,3.5,2.49,0,Male,0.004036960502141599,3.202868988877432e-6
2,54,61,115,4,3.74,0,Male,0.004074988383412168,9.753492637934808e-4
1,46,57,103,2.8,3.29,1,Female,0.0023141222542098203,0.0020794419539099363
2,36,43,79,2.9,1.37,0,Male,0.004476331000015347,0.001290377328185238
1,53,59,112,4,3.83,1,Female,0.004790721620133449,0.002494175696334017
2,64,66,130,3.7,2.9,0,Male,0.006439706992544866,5.116332174444807e-4
1,54,58,112,2.8,2.2,1,Female,0.002990658801949103,2.87656353950537e-5
1,57,55,112,2.7,2.11,1,Female,0.003428117500558187,5.552695599368469e-5
2,51,33,84,2.5,3.15,0,Male,0.004512667646821443,0.005529668779535303
2,46,53,99,3.4,2.65,0,Male,0.0021916536567274606,6.575797098048016e-6
2,45,43,88,3,1.98,0,Male,0.0029060767467325747,9.601704880999354e-5
2,55,58,113,3.8,2.93,0,Male,0.003236582524727466,2.0819363939894787e-5
2,49,55,104,3.7,3.1,0,Male,0.0027212645673598077,1.4401872280616525e-4
2,46,50,96,3.7,3.34,0,Male,0.0033559118013623997,9.77155205304823e-4
2,49,62,111,3.6,2.75,0,Male,0.0026816760329691665,3.3776241215575946e-5
2,50,52,102,3.4,2.9,0,Male,0.002119905692954065,1.1052929372164884e-4
1,57,58,115,4,2.06,1,Female,0.004665157753537395,0.003203124227252427
2,42,40,82,3.2,1.87,0,Male,0.004167566405396898,3.562038432382339e-4
1,55,48,103,3.2,2.8,1,Female,0.0020545813858582826,2.3829194095156622e-4
2,54,40,94,2.6,1.38,0,Male,0.0036893726686961334,0.0012490205020181872
2,50,62,112,3.9,2.37,0,Male,0.003504115344878601,0.0012284631326632313
1,29,58,87,2.7,0.9,1,Female,0.0037574132718290504,0.002597021449876088
1,39,58,97,2.5,2.38,1,Female,0.003302050136028808,5.140504276192608e-4
2,39,38,77,2.6,1.62,0,Male,0.005215484293165177,1.2464285154050603e-4
1,43,43,86,2.9,1.42,1,Female,0.00400324890940058,8.84778824183658e-4
2,34,40,74,2.8,1.52,0,Male,0.005707434359730597,5.002495496725049e-4
2,49,57,106,3.7,2.65,0,Male,0.002693395653331863,8.674823060117053e-5
1,38,60,98,2.9,1.92,1,Female,0.0022770487161184495,9.168559596556763e-5
2,54,53,107,3.3,0.66,0,Male,0.0022969468129115534,0.006613785506027726
1,43,68,111,3.8,1.85,1,Female,0.003622350170269675,0.0026741841160256036
1,49,55,104,2.2,2.36,1,Female,0.005535409670253455,0.0010207961721648386
1,44,57,101,3.3,1.86,1,Female,0.0023720921363591402,5.490778204454832e-4
1,46,44,90,2.7,1.35,1,Female,0.0032862812275166265,7.785705305609193e-4
2,47,57,104,2.9,2.8,0,Male,0.0029720608263605367,3.742576513057932e-4
1,56,53,109,2.8,2.24,1,Female,0.002647433014343909,1.6130109148541021e-6
2,43,51,94,3.8,2.17,0,Male,0.004183640344054225,9.616530841447924e-4
1,57,57,114,3.3,3.22,1,Female,0.0022903473761565953,5.881514261434382e-4
2,39,49,88,3.1,2.02,0,Male,0.002909447662854811,1.1089606929840732e-4
2,41,52,93,2.9,1.52,0,Male,0.002626834415328839,9.189748458156838e-4
1,33,57,90,2.8,2.27,1,Female,0.003207241187323846,2.0016178456133736e-4
2,39,49,88,2.6,2.85,0,Male,0.0037963837491017576,0.0021372411955189025
1,36,59,95,2.9,2.62,1,Female,0.002532028356900832,4.7855997684657773e-4
2,42,59,101,3.5,2.54,0,Male,0.002283836730687111,2.8943210633378304e-5
2,58,51,109,3.8,3.76,0,Male,0.003043584434851832,0.0014051668453548124
1,41,57,98,2.9,1.71,1,Female,0.0022770487161184495,3.2788725064551884e-4
1,41,59,100,3.3,1.88,1,Female,0.002469935220967151,5.024748807514753e-4
2,46,55,101,3.3,2.54,0,Male,0.0020680271188612217,6.36566566435239e-7
2,50,57,107,3.2,2.25,0,Male,0.0024223611502317737,2.1158506924348803e-4
1,39,49,88,2.9,1.32,1,Female,0.003584755982714188,0.0012117326567697324
2,44,33,77,3.5,2.71,0,Male,0.006858706501138671,8.303314633968996e-4
2,57,59,116,3.3,2.67,0,Male,0.003523178391677798,3.7626051997061633e-05
1,55,57,112,3.4,2,1,Female,0.002263867010696649,6.932275289432436e-4
2,44,58,102,3.7,3.26,0,Male,0.0028014506391768335,4.3173398542248234e-4
2,37,38,75,2.9,1.51,0,Male,0.005475613015741793,7.307937901384065e-4
2,47,48,95,2.7,2.33,0,Male,0.003245127350667772,9.096554693339577e-5
1,53,60,113,3.8,2.82,1,Female,0.003564570086333459,1.2153364000823041e-5
2,43,58,101,3.8,3.51,0,Male,0.0032853941485695396,0.0010726139457817075
1,45,47,92,3.7,1,1,Female,0.0059884121001303,0.009971002763367879
2,48,49,97,3.75,3.27,0,Male,0.003464205284769028,6.801546695425119e-4
1,49,54,103,2.8,0.73,1,Female,0.0023141222542098203,0.003511785078632996
1,49,55,104,4,3.17,1,Female,0.005701047333402824,3.9549893452086904e-4
2,47,54,101,4,2.69,0,Male,0.004404994427253555,2.1884787499624073e-4
2,32,57,89,2.7,0.52,0,Male,0.0033714132375942223,0.005669362446249496
1,37,50,87,2.2,1.77,1,Female,0.005263923115069027,1.1631169243651628e-4
1,40,57,97,3.7,2.35,1,Female,0.004780982849657311,1.9518379275226108e-4
1,55,55,110,2.9,2.06,1,Female,0.0024342662032432448,1.385575106508684e-4
1,53,57,110,3.4,2.23,1,Female,0.002217471615921477,2.434425194652332e-4
2,47,47,94,2.6,1.67,0,Male,0.0036893726686961334,4.129835771156118e-4
2,58,71,129,4,3.16,0,Male,0.006308523071235763,2.266028473477196e-4
1,35,53,88,3.9,2.24,1,Female,0.008994830059379021,6.766041746740745e-4
2,47,46,93,3.7,2.71,0,Male,0.0038097127899933314,6.6998876474966245e-6
1,52,64,116,3.9,3.98,1,Female,0.00406753863741555,0.0028982252536767874
1,36,48,84,2.8,2.2,1,Female,0.004364969424178574,3.1606106299379537e-4
2,38,47,85,2.5,2.88,0,Male,0.004426108842547324,0.003299152154331448
1,54,57,111,3.4,3,1,Female,0.002234129668585428,2.1631850777408516e-4
2,41,44,85,3.7,1.55,0,Male,0.00559533749535571,0.003984903274116321
1,45,58,103,3.9,2,1,Female,0.0050799789336468774,0.0023147085059841916
1,24,29,53,2.47,2.19,1,Female,0.01646213494910254,0.011463161055431418
2,59,62,121,3.5,3.86,0,Male,0.004226332612109749,0.002383768094563292
1,45,55,100,2.8,1.47,1,Female,0.0023240372816809253,7.353770110091543e-4
2,59,62,121,4,3.94,0,Male,0.004718314588602078,0.0015956051984958603
1,37,58,95,2.4,1.37,1,Female,0.003786417821312329,5.839908062209926e-4
1,44,59,103,3.5,3.08,1,Female,0.0028089059347956614,5.357742117945288e-4
1,54,64,118,3.8,1.95,1,Female,0.0036490074418201474,0.002734889531042764
2,59,62,121,3.8,3.52,0,Male,0.004250384597947708,4.3020480528377716e-4
1,48,55,103,3.2,1.74,1,Female,0.0020545813858582826,6.48441793883307e-4
2,44,59,103,3.2,3.17,0,Male,0.0021522638342728402,6.279205896621146e-4
2,61,56,117,3.5,2.67,0,Male,0.0034192961735125716,1.530557456694244e-4
1,49,55,104,2.3,2.14,1,Female,0.004776389695821238,1.7917229035405003e-4
1,53,52,105,3,2.54,1,Female,0.001997213086781743,7.062509966407194e-5
2,55,49,104,2.3,1.98,0,Male,0.006956078821415215,2.4038607971228218e-5
2,46,45,91,2.3,2.04,0,Male,0.005447357673170821,1.4521185222705264e-4
1,49,57,106,2.1,1.7,1,Female,0.006697838319998687,8.568306008131944e-5
1,53,62,115,3.7,1.8,1,Female,0.003141650463539508,0.0025802635548645265
1,70,74,144,4,4,1,Female,0.009520164013308954,0.001917935430129679
2,48,52,100,3.9,4,0,Male,0.0039053795284968123,0.003562993587257625
2,36,41,77,3,0.61,0,Male,0.005042014607628606,0.007351680493584685
2,49,57,106,3.8,3.34,0,Male,0.003036168406641445,3.9541506010672074e-4
2,48,56,104,3.7,2.92,0,Male,0.0027212645673598077,1.6017011225622414e-5
1,53,62,115,3.8,3.62,1,Female,0.003559107160186324,0.0012703757445912765
1,66,67,133,3.2,3.07,1,Female,0.006474668523457102,2.0646397659133714e-4
2,41,57,98,3.4,3,0,Male,0.0022417282235464666,3.000792414487241e-4
1,42,62,104,3.2,2.43,1,Female,0.0020122679267928234,3.1444690949968096e-7
2,38,45,83,3.4,3.11,0,Male,0.004562361459503993,0.001971762808553223
1,43,57,100,3.1,1.5,1,Female,0.0021404388451952234,9.879618818115915e-4
2,49,54,103,3.7,2.58,0,Male,0.002754817958544685,1.0999161310127268e-4
2,53,40,93,3.33,2.24,0,Male,0.0025436660662253637,8.478234487126146e-5
1,40,55,95,2.1,1.96,1,Female,0.005623600300188977,3.617306226367279e-4
1,45,56,101,2.5,2.23,1,Female,0.0033535382913368584,1.5401434192010966e-4
2,53,51,104,2.8,2.24,0,Male,0.003410116158821786,1.906895240050591e-5
1,43,57,100,2.9,2.76,1,Female,0.0021724587361665456,5.180689524852648e-4
2,49,52,101,3.1,2.59,0,Male,0.0022137337737785827,3.1900553090445205e-5
1,41,52,93,2.1,1.68,1,Female,0.005598315059401725,9.263037616078266e-6
2,38,47,85,3.1,2.92,0,Male,0.00338389996860689,0.0012639275079271276
1,55,56,111,2.8,2.31,1,Female,0.0028631709166334345,2.1934101058939804e-7
1,41,57,98,3.5,2.56,1,Female,0.003461038929843129,1.215751609785885e-5
2,39,55,94,3.8,2.73,0,Male,0.004183640344054225,1.2169251428907878e-8
2,63,49,112,3.4,3.11,0,Male,0.002730899627781983,2.0863970966967027e-4
2,43,44,87,2.8,1.83,0,Male,0.003266668322080074,1.3257879495376043e-4
1,47,47,94,2.6,2.88,1,Female,0.003075801356376737,0.002029473053004087
1,39,57,96,3,3.14,1,Female,0.0024379234038338317,0.0016269778926584105
1,46,51,97,2.6,1.87,1,Female,0.002928209662059213,2.250281568452541e-5
2,45,52,97,3.1,2.27,0,Male,0.0021923723757511712,2.1944683253842422e-5
2,51,55,106,3.4,2.56,0,Male,0.002207351793517988,2.8423404228323898e-5
1,40,44,84,3.1,2.35,1,Female,0.004963375333328448,3.2120399250888725e-4
2,42,55,97,3.4,3.02,0,Male,0.0023048820798127426,3.61466703786532e-4
1,50,60,110,3.8,2.44,1,Female,0.0036708591464086893,4.3207344514130803e-4
1,50,58,108,3.7,1.33,1,Female,0.0032756159699765244,0.004837510520942993
1,56,52,108,3.25,1.13,1,Female,0.0020023114334794347,0.0027418688442538888
1,54,52,106,3.4,3.4,1,Female,0.002281632299738376,0.0011736811403229633
2,48,36,84,2.7,1.96,0,Male,0.0038363319364995304,5.5109978521597325e-8
1,53,49,102,3.5,1.96,1,Female,0.002913173954910615,7.410590151040748e-4
1,48,58,106,3.8,3.17,1,Female,0.003995687945437447,4.401565940601546e-4
2,45,58,103,3.2,1.6,0,Male,0.0021522638342728402,0.0013653931782396122
2,50,52,102,3,2.37,0,Male,0.0024764860315917513,2.6733039478998547e-6
1,52,53,105,3.5,1.43,1,Female,0.002639607762907567,0.002613010554548444
2,62,48,110,3.2,2.74,0,Male,0.0027622666763973125,1.8793521410829316e-5
1,46,48,94,3.2,1.95,1,Female,0.003023970542574579,2.131503610694064e-4
1,42,50,92,3.1,2.42,1,Female,0.0031333698269491858,1.365613100970678e-4
2,48,52,100,3.6,3.04,0,Male,0.0025838096389547227,2.0086780725169594e-4
1,51,59,110,2.5,3,1,Female,0.004234525073445287,0.00240333293610565
2,50,42,92,3.5,3.73,0,Male,0.0031165608569157,0.003238257837734735
2,55,48,103,3.1,3.17,0,Male,0.0023028902094759094,7.954887640575925e-4
1,56,63,119,3,1.57,1,Female,0.0034174293057112367,0.002309230105883362
1,52,60,112,3.2,1.71,1,Female,0.002144614674370883,0.0010664660588061464
1,51,57,108,2.5,2.09,1,Female,0.003947195206845854,4.1449243171145744e-8
2,41,49,90,2.6,3.4,0,Male,0.0037083962311774683,0.005278010738911089
1,33,38,71,3.5,2.1,1,Female,0.01263281014432023,5.6687112571557474e-6
2,47,43,90,2.6,1.66,0,Male,0.0037083962311774683,3.133170323652825e-4
2,54,49,103,3.5,3.16,0,Male,0.0022426591087785093,3.396037817370841e-4
1,55,56,111,3.7,2.09,1,Female,0.003139726444819896,0.001155740661425562
2,49,57,106,3.7,3.6,0,Male,0.002693395653331863,0.0010682014182083117
1,45,57,102,2.7,0.85,1,Female,0.002578889100521259,0.0029491820562005744
1,57,59,116,3.3,1.88,1,Female,0.002473960600911412,0.0010793809549590218
1,45,54,99,3.5,2.53,1,Female,0.0033044537519390945,1.4001702915096551e-6
1,60,60,120,3.7,1.82,1,Female,0.003438339499502607,0.0031359119484419477
1,41,52,93,2.7,1.33,1,Female,0.0029328627882296357,8.644467183086785e-4
2,47,51,98,2.56,2.81,0,Male,0.0041133490450945215,0.0015022297702128758
1,44,43,87,1.8,1.49,1,Female,0.008095954190005633,8.165685336110039e-5
2,49,55,104,3.5,2.51,0,Male,0.002241689231995114,7.053374697638274e-5
2,68,51,119,3.1,1.61,0,Male,0.004899559375461454,0.004445271815727111
2,39,41,80,2.7,1.65,0,Male,0.004443694105674643,2.0702776381772823e-4
2,33,37,70,2.8,1.7,0,Male,0.006903135135599484,5.570357000733231e-5
2,50,54,104,3.6,3.13,0,Male,0.002436287366334554,2.237522976554779e-4
2,46,58,104,3.5,2.6,0,Male,0.002241689231995114,2.2756020767697163e-5
2,35,40,75,3.25,1.87,0,Male,0.0063077678581534265,3.188535661954884e-4
1,26,50,76,3.2,2.24,1,Female,0.008141016191693858,3.8881076602184476e-4
2,36,55,91,2.8,1.6,0,Male,0.0029603592286255665,5.988439044170888e-4
2,51,54,105,3.7,2.98,0,Male,0.0027007904656222,3.5551323185703235e-5
2,47,51,98,3.9,3.6,0,Male,0.004155366944694965,0.001704176169167637
1,47,50,97,3.1,1.43,1,Female,0.0024146932924984325,0.0011828964083804207
1,44,62,106,3.7,3.02,1,Female,0.003431605433983962,2.1690674334665192e-4
1,50,50,100,3.1,3.15,1,Female,0.0021404388451952234,0.0011260983917181174
1,34,52,86,3.3,2,1,Female,0.00521306379744269,1.4365218420760102e-4
2,33,46,79,2.6,1.57,0,Male,0.00483975240740094,2.4167915121501137e-4
2,38,34,72,2.8,1.78,0,Male,0.0062791261687705,1.4267484750026036e-5
2,46,59,105,3.6,2.77,0,Male,0.0024321050217976877,6.713390413093971e-7
1,42,56,98,3.8,3.25,1,Female,0.0052731514369639375,0.0013484460522012662
1,59,55,114,3.5,3.3,1,Female,0.0025251908170510224,5.816928050912147e-4
2,50,53,103,3.9,3.17,0,Male,0.0036284930750541105,1.5682802049465865e-4
2,41,55,96,3.4,2.04,0,Male,0.0023811152255262895,4.308689763163696e-4
2,42,53,95,3,1.69,0,Male,0.00237083879770404,6.417162643350086e-4
1,41,65,106,2.5,1.8,1,Female,0.0037121824980355035,1.7612940936374575e-4
2,52,62,114,3.5,2.29,0,Male,0.002951351383761026,7.259303100224041e-4
1,62,67,129,4,3.41,1,Female,0.005635628486980971,1.1053431291153893e-4
2,36,38,74,3.5,2,0,Male,0.007960276445059568,3.859056408367575e-4
2,47,56,103,4,3.11,0,Male,0.004200899233337543,5.011773920044951e-5
1,38,58,96,2.7,2.38,1,Female,0.0026971579539680768,2.6313985701358994e-4
1,45,63,108,3.3,2.62,1,Female,0.002053410648626632,1.1363630050571551e-5
2,63,63,126,3.8,3.71,0,Male,0.005309087800746645,9.148088613009817e-4
1,44,50,94,3.8,3.27,1,Female,0.00622578612946167,0.002064403787751348
1,42,61,103,2.5,2.4,1,Female,0.003457758105674505,3.8350622281447405e-4
1,51,63,114,2.5,3.25,1,Female,0.004966136280011392,0.004156461633962287
1,57,59,116,3.3,1.98,1,Female,0.002473960600911412,8.189907076744255e-4
1,49,61,110,3.5,3.04,1,Female,0.0024452498985145614,2.363065447689391e-4
1,37,64,101,4,2.8,1,Female,0.006258227751758799,1.113646059174658e-6
1,62,71,133,4,4,1,Female,0.006383760259495153,0.00223739312274796
1,47,59,106,2.5,1.78,1,Female,0.0037121824980355035,2.0478821021316208e-4
1,55,65,120,3,2.54,1,Female,0.003616967992203585,2.471227825336205e-7
2,43,42,85,2.8,1.92,0,Male,0.0034982986054909503,3.3987238511145796e-5
1,56,74,130,4,3.48,1,Female,0.005803042495938611,2.0238168468202173e-4
2,52,48,100,2.74,1.62,0,Male,0.0033034171352223952,9.010566038180503e-4
1,47,60,107,3.5,2.56,1,Female,0.0025226267488085543,8.671414462339918e-6
2,51,50,101,3.3,3.35,0,Male,0.0020680271188612217,9.338760716753038e-4
1,41,66,107,2.7,2,1,Female,0.0028400121824488445,6.860119203095889e-5
2,43,42,85,3,1.97,0,Male,0.0033316537808824303,7.602348255067685e-5
1,58,51,109,3,3.21,1,Female,0.002141403360387621,0.0010677240760580543
1,47,37,84,2.6,0.67,1,Female,0.004417927484841055,0.0039137093847917154
1,41,57,98,3.5,2.38,1,Female,0.003461038929843129,3.069736248284554e-5
1,42,50,92,2.3,1.86,1,Female,0.0043878745304465425,5.51463685720835e-5
2,50,43,93,2.3,2.53,0,Male,0.0055355964351346005,0.0017088062319256063
1,55,55,110,4,1.44,1,Female,0.004939827311767172,0.008252748544240105
1,45,59,104,3.5,2.19,1,Female,0.00271771720412798,3.041467302346159e-4
2,35,42,77,2.8,1.44,0,Male,0.004947991317025266,8.056160183985593e-4
1,43,50,93,3.4,2.36,1,Female,0.0039354160060666695,1.3798940435863564e-8
1,48,44,92,3,2.21,1,Female,0.0029738561814860107,1.7790647579783902e-5
2,40,57,97,3,2.6,0,Male,0.002335627274435606,1.2189782266992252e-4
1,44,58,102,3.25,0.36,1,Female,0.00218735385444898,0.006679206455085087
1,47,61,108,3.3,2.47,1,Female,0.002053410648626632,5.8334575794701495e-6
2,43,47,90,3.5,2.16,0,Male,0.0034454828466642484,2.947397679579871e-4
2,39,53,92,2.7,1.63,0,Male,0.0032494134916182804,4.939049904913767e-4
1,47,57,104,2.8,1.83,1,Female,0.002336975823947326,2.2218593520047922e-4
2,34,69,103,2.1,2.66,0,Male,0.008780002629226291,0.003514988560541876
2,49,48,97,3.3,3.04,0,Male,0.0021769997784397395,4.616514588151384e-4
2,47,45,92,2.4,2.54,0,Male,0.004790487829947658,0.0013416558158027714
2,43,53,96,2.6,2.02,0,Male,0.003758336624139087,1.4615346850233261e-5
1,61,49,110,2.2,1.49,1,Female,0.0065336994262978464,0.0010089241782989364
1,48,55,103,3.8,1.13,1,Female,0.004376642083905353,0.008205716222238372
2,37,46,83,3.1,2.02,0,Male,0.0037655979530112947,6.349298948064208e-5
2,51,50,101,3.7,2.9,0,Male,0.0028611626092562518,2.8033719152536323e-5
2,35,60,95,2.75,1.81,0,Male,0.003042925675161851,2.7292108742492903e-4
2,47,67,114,3.6,4,0,Male,0.0029830319460930543,0.0024894016982349504
1,41,37,78,2,2,1,Female,0.0075924775786088815,0.0023798099244213113
2,43,42,85,2.75,2.54,0,Male,0.003596446728321713,7.40689486066553e-4
2,49,48,97,4,2.65,0,Male,0.004970136288452828,2.0819467205282304e-4
1,58,77,135,4,3.43,1,Female,0.006836301882435866,4.204375647622539e-5
2,47,45,92,3.7,2.91,0,Male,0.003987138365098183,2.0300106154944164e-4
1,47,53,100,4,3.21,1,Female,0.0064701131367719995,7.942927394776081e-4
1,37,52,89,2.5,1.75,1,Female,0.0038268797188816817,5.411593355382392e-6
1,36,36,72,2.3,3.12,1,Female,0.00792572187794855,0.016773303671713858
2,56,58,114,3,2.09,0,Male,0.004148634572388071,7.640430190026784e-4
2,47,58,105,3.5,2.11,0,Male,0.0022537986446589885,6.356073540248988e-4
1,56,50,106,3.3,2.56,1,Female,0.0020790660550281397,5.092333303377721e-6
2,43,54,97,3.2,2.56,0,Male,0.0021394965437525493,2.111407173869577e-5
2,45,48,93,3,1.24,0,Male,0.002458367478761556,0.00189230344937396
1,55,60,115,3,2.8,1,Female,0.0027500674542145468,2.1362224341712655e-4
1,55,35,90,2.6,2.17,1,Female,0.0034557003343952198,2.3319572872487686e-4
2,46,47,93,3.4,2.42,0,Male,0.002688290399350551,1.0514527497114973e-5
2,39,51,90,3.6,3.56,0,Male,0.0038681655818140663,0.0028195314033261924
2,50,58,108,3.3,3.24,0,Male,0.0023808776083187218,5.644246326399665e-4
2,45,57,102,3.6,3.42,0,Male,0.0024838899237500977,8.247520512660852e-4
1,52,66,118,3.8,2.53,1,Female,0.0036490074418201474,5.027993313974507e-4
2,47,47,94,2.8,2.38,0,Male,0.0028679599477310237,8.835201797482924e-5
1,48,47,95,2.4,2.24,1,Female,0.003786417821312329,4.6163818173833846e-4
1,35,53,88,2.7,2.12,1,Female,0.0035872899676109723,1.3755198399703535e-4
2,46,58,104,2.8,2.63,0,Male,0.003410116158821786,2.264091640201123e-4
2,54,47,101,2.5,1.98,0,Male,0.004819951338990167,6.32534406058543e-5
2,50,50,100,3.2,1.69,0,Male,0.0020870233864999786,9.666264069652259e-4
1,58,59,117,4,2.47,1,Female,0.004646844956376376,0.0011846563708974825
1,49,60,109,4,2.34,1,Female,0.005033999091754938,0.00131496768647239
2,43,47,90,2.67,2.58,0,Male,0.003425396223659711,7.259627459061962e-4
1,42,52,94,3,2,1,Female,0.0026797312137653807,4.373183283958401e-5
1,46,51,97,2.7,1.63,1,Female,0.0026447482547754314,3.0500500903516846e-4
2,52,55,107,3.5,3.37,0,Male,0.002317255338328549,6.160722400910293e-4
1,45,46,91,2.8,1.64,1,Female,0.003060063994246837,2.7570273563606716e-4
1,62,60,122,3.8,2.88,1,Female,0.0039519845362603655,6.199787742525002e-5
2,58,62,120,4,3.12,0,Male,0.0045783953307855845,5.071609333687301e-5
2,57,55,112,4,2.33,0,Male,0.003929895688355362,0.0017855509682323358
2,60,59,119,3,2.45,0,Male,0.005401232932562193,1.9060779028033645e-4
1,43,51,94,2.5,2.22,1,Female,0.003400766558744108,3.0103936892921987e-4
1,51,65,116,3.5,2.17,1,Female,0.0026436370130028747,6.840703522149226e-4
1,37,55,92,2.3,2.44,1,Female,0.0043878745304465425,0.001616718845452192
1,49,48,97,3.1,2.98,1,Female,0.0024146932924984325,9.283249492404346e-4
2,44,54,98,2.7,2.29,0,Male,0.0033585548147426966,2.9698855484565822e-5
2,44,52,96,3.5,2.56,0,Male,0.0026156683507858464,2.370340548839944e-6
2,27,38,65,2.5,1.8,0,Male,0.008642349923011083,3.6330661776960005e-4
1,48,55,103,3.1,2.43,1,Female,0.001983898002917448,1.0596997696830005e-5
1,41,59,100,3.5,2.61,1,Female,0.0031609478634823307,1.8093225041650246e-5
2,35,58,93,3.1,3.09,0,Male,0.002380279608880086,0.0010074380851627183
1,46,54,100,2.6,2.53,1,Female,0.002898331572767122,5.493437361430083e-4
1,52,64,116,2.7,2.48,1,Female,0.0041340289650965275,7.624960587838504e-5
1,61,60,121,3.5,3.94,1,Female,0.0031686400682097364,0.0027640240160565622
1,48,64,112,3.4,2.86,1,Female,0.002263867010696649,7.244119402884417e-5
2,58,58,116,2.9,2.31,0,Male,0.005153613400300239,2.501688904311048e-4
1,44,40,84,2.6,2.18,1,Female,0.004417927484841055,5.327765142862229e-4
1,49,57,106,3.25,3.07,1,Female,0.0020116750826802018,5.178500877968332e-4
1,40,45,85,2.1,1.64,1,Female,0.006020345674143533,7.501351244698286e-5
2,52,60,112,3,2.7,0,Male,0.003739150254449315,5.1538207599277856e-5
1,36,50,86,3.5,2.08,1,Female,0.006360245641578622,2.3743217320022016e-4
2,57,55,112,4,3.51,0,Male,0.003929895688355362,4.3405067187284117e-4
2,48,62,110,4,3.63,0,Male,0.0038985636722205104,8.281400511644423e-4
1,39,44,83,3,1.63,1,Female,0.004944843363868728,4.4368636280180525e-4
2,54,61,115,4,3.76,0,Male,0.004074988383412168,0.0010445577039751364
2,57,47,104,2.8,2.96,0,Male,0.003410116158821786,9.90604853099602e-4
1,40,48,88,3.25,2.83,1,Female,0.0044502200259957615,0.001297462235828192
1,35,40,75,3,1.36,1,Female,0.007586223652845524,0.0013779073760525453
1,61,65,126,3.8,2.91,1,Female,0.004464230261856908,1.0340183615478791e-4
1,50,57,107,3.2,2.65,1,Female,0.0019638032862800683,5.059080789386644e-5
2,41,52,93,3,2.56,0,Male,0.002458367478761556,1.4972381811044358e-4
1,49,68,117,3,1.89,1,Female,0.003057589801068351,8.358390665818118e-4
1,50,57,107,2.8,2.04,1,Female,0.0024840122698434647,7.079585228756133e-5
1,60,64,124,3.25,2.67,1,Female,0.0038108199202802253,1.804545590123708e-5
1,54,72,126,3.75,3.29,1,Female,0.00433380919480185,1.6624641853988195e-4
1,41,56,97,2.6,1.74,1,Female,0.002928209662059213,1.1529162934088105e-4
1,44,41,85,2.8,2.98,1,Female,0.004139316494417943,0.0035133909265911605
1,44,55,99,2.5,2.28,1,Female,0.003301635634788292,2.646427106658693e-4
2,50,42,92,2.4,1.21,0,Male,0.004790487829947658,0.0017597750187133838
1,40,52,92,2.5,1.24,1,Female,0.0035319739544573264,9.248252323480532e-4
2,55,54,109,3.5,3.47,0,Male,0.002433029189787191,8.034514668051495e-4
2,47,44,91,3.1,2.37,0,Male,0.002552708962128165,1.0341686967025542e-5
2,38,57,95,4,3.49,0,Male,0.005331182955736085,0.00154849415100212
1,56,47,103,2.7,1.41,1,Female,0.0026049551380122353,9.551582170124599e-4
2,49,52,101,4,2.04,0,Male,0.004404994427253555,0.002663036677241554
1,58,60,118,3.7,3.49,1,Female,0.003280426016775557,8.02887944207652e-4
1,51,64,115,2.6,1.7,1,Female,0.0045146452016881595,9.93182851962509e-4
1,42,53,95,2.5,1.19,1,Female,0.0033547817950584044,0.001181888276696034
2,52,49,101,3.6,3.63,0,Male,0.002527310136628775,0.001491445732228489
2,48,51,99,3.9,2.98,0,Male,0.0040238335918722536,3.8938218781462374e-5
1,48,62,110,3.4,2.35,1,Female,0.002217471615921477,1.1645609734577186e-4
2,53,52,105,3.6,2.38,0,Male,0.0024321050217976877,2.9578530827886556e-4
2,57,57,114,3.8,2.38,0,Male,0.0033175302708145504,0.0010482204395719159
1,44,57,101,3.2,2.4,1,Female,0.002178446172331011,1.4986169910829803e-6
2,29,60,89,2.5,1.92,0,Male,0.004210666519923547,2.8900807654875726e-7
1,54,45,99,3.7,2.86,1,Female,0.004389566175599008,1.8801321801794796e-4
1,41,63,104,3.25,2.9,1,Female,0.00207335588967005,3.135093813022451e-4
2,42,59,101,3.7,3.44,0,Male,0.0028611626092562518,8.942001370398559e-4
2,53,65,118,2.9,1.88,0,Male,0.0057003155482186416,0.002149730415186782
2,49,38,87,2.8,2.52,0,Male,0.003266668322080074,4.88322175156871e-4
1,48,54,102,4,1.17,1,Female,0.0060594216561928715,0.012212074019952474
1,60,65,125,2.9,3.16,1,Female,0.005279344175221478,0.0013369311824787873
1,45,57,102,3.25,1.64,1,Female,0.00218735385444898,9.460908133367912e-4
2,46,44,90,2.75,2.17,0,Male,0.0031561950836509027,1.67221507341096e-5
2,31,41,72,2.67,1.62,0,Male,0.006305977706114579,9.453372321808949e-5
1,49,60,109,3,2.37,1,Female,0.002141403360387621,1.7378452893490904e-7
1,47,43,90,3,3.19,1,Female,0.0033202983069957224,0.002926875042681248
1,50,50,100,3,2.29,1,Female,0.002111259257337978,3.493725984850389e-6
2,59,69,128,4,3.41,0,Male,0.006063969497841107,8.453718482903847e-6
1,58,61,119,4,3.24,1,Female,0.004680849317004439,7.43543678290951e-5
2,48,60,108,3.3,2.64,0,Male,0.0023808776083187218,1.3755910787556839e-6
1,52,57,109,3.5,3.35,1,Female,0.002457962892498622,8.497280316797629e-4
1,47,50,97,2.75,1.87,1,Female,0.002536909701140721,6.406836778539988e-5
2,45,55,100,2.7,1.5,0,Male,0.0034995695713623313,0.0012836598048208295
2,37,59,96,4,2.98,0,Male,0.0051441199773708205,4.186796371138342e-5
1,56,65,121,3.1,2.95,1,Female,0.003516638654784885,2.7686855948650665e-4
2,52,52,104,2.8,2.2,0,Male,0.003410116158821786,4.042352666839404e-5
2,65,57,122,3.8,3.11,0,Male,0.004435966659612956,8.892161675249747e-6
2,42,49,91,4,3.12,0,Male,0.006210227763669844,4.720437233624144e-4
2,48,51,99,3.3,2.69,0,Male,0.00209635486975594,3.896090286793938e-5
2,45,58,103,4,2.91,0,Male,0.004200899233337543,1.5835106997730026e-5
1,52,62,114,2.6,2.67,1,Female,0.004315335933629197,5.964937793109028e-4
1,51,57,108,3.2,2.49,1,Female,0.001973806985003691,2.4878856380169077e-7
1,46,65,111,2.5,2.98,1,Female,0.004397808940915907,0.0023007920004871315
1,50,72,122,3.1,3.06,1,Female,0.0037260441629710333,4.864894327897124e-4
1,52,61,113,3.1,2.18,1,Female,0.0023122490093974335,1.6940229207470343e-4
1,52,68,120,4,3.5,1,Female,0.004717470431489376,5.289133837443441e-4
2,45,50,95,2.8,2.1,0,Male,0.0028633187663273836,1.6595398153831265e-5
2,54,50,104,3.4,3.8,0,Male,0.0021374701643414856,0.002004414851381467
2,50,60,110,3.25,1.8,0,Male,0.0026638244886003646,0.0014665062851558974
1,41,63,104,4,2.14,1,Female,0.005701047333402824,0.0021677875809562363
2,44,54,98,3.3,3.4,0,Male,0.0021301376793742047,0.001210598517697042
2,45,48,93,2.8,2.66,0,Male,0.0028856804185819346,5.265734125878081e-4
2,41,64,105,3.5,2.36,0,Male,0.0022537986446589885,2.28187143896928e-4
1,45,43,88,2.9,1.98,1,Female,0.003584755982714188,1.2529072693920523e-6
1,45,49,94,3,1.62,1,Female,0.0026797312137653807,5.461100473439236e-4
1,56,53,109,3.2,2.03,1,Female,0.0019968899731745834,3.0908084759325577e-4
2,54,53,107,2.3,1.84,0,Male,0.007618148186975333,3.625555479280775e-4
1,50,67,117,3,2.02,1,Female,0.003057589801068351,5.191755735783665e-4
1,58,63,121,3.5,3.15,1,Female,0.0031686400682097364,2.1538160432530202e-4
1,51,35,86,2.75,1.54,1,Female,0.003922381976463766,3.444838205392715e-4
2,48,45,93,2.8,2.6,0,Male,0.0028856804185819346,4.080865762846016e-4
2,41,50,91,3.8,2.58,0,Male,0.004764792340971002,3.891800659328405e-5
2,51,61,112,3.5,3.11,0,Male,0.0027047846378296806,1.416736562185884e-4
2,39,34,73,2.7,1.19,0,Male,0.0060101305454509975,0.0016086344142390572
2,54,53,107,3.5,2.23,0,Male,0.002317255338328549,4.799146341735574e-4
2,44,53,97,2.2,1.78,0,Male,0.006735312864600334,5.4628799021347173e-5
2,52,44,96,3,2.24,0,Male,0.0023466933913461876,9.91525278647047e-6
2,53,37,90,3.3,2.29,0,Male,0.002871254576422054,2.1469501577315662e-5
1,37,67,104,2.9,2.38,1,Female,0.0021202302496299815,2.681107177881264e-5
1,35,48,83,2.2,0.95,1,Female,0.00574937408239922,0.0014337456338144895
1,45,53,98,2.4,2.05,1,Female,0.0037758145385410635,8.249844022853857e-5
2,43,47,90,3.1,2.49,0,Male,0.00265854257292311,8.515019451955375e-5
1,49,59,108,3.3,1.12,1,Female,0.002053410648626632,0.0029693276234751035
2,37,43,80,2.03,1.31,0,Male,0.007695818047241308,2.707189358150169e-4
2,41,43,84,3.3,2.38,0,Male,0.003976422405993294,1.8860724772644338e-5
2,40,45,85,3,2.74,0,Male,0.0033316537808824303,8.505366821328823e-4
1,48,64,112,3,4,1,Female,0.0023868786047883672,0.004284286088656271
1,44,59,103,3.8,2.66,1,Female,0.004376642083905353,1.7803980024247287e-5
1,54,60,114,3.5,2.96,1,Female,0.0025251908170510224,9.152900990772245e-5
2,63,42,105,2.1,1.88,0,Male,0.009247311366727523,3.572493791531242e-5
1,47,55,102,2.7,1.4,1,Female,0.002578889100521259,9.31310419825426e-4
2,56,52,108,3.5,3.31,0,Male,0.002368602619334235,4.8276267292305254e-4
2,50,50,100,3.75,3.3,0,Male,0.003142918133704228,5.790150750819763e-4
1,64,64,128,4,3.21,1,Female,0.005481293767470602,1.7138003849568437e-6
2,42,59,101,3.25,3.22,0,Male,0.002070561632583382,7.087958403409364e-4
1,43,48,91,2.8,2.28,1,Female,0.003060063994246837,1.8398399954630383e-4
1,43,49,92,3.2,2.52,1,Female,0.003383262539098173,2.0556249490215407e-4
1,52,52,104,4,2.62,1,Female,0.005701047333402824,2.4317507025532585e-4
2,34,50,84,2,2,0,Male,0.007785140589627945,0.001036484573180462
2,44,45,89,3.6,2.02,0,Male,0.004068537268059988,8.113502176668844e-4
2,42,43,85,2.4,2.24,0,Male,0.004916137054937741,6.550925167077066e-4
2,47,48,95,4,3.12,0,Male,0.005331182955736085,2.6495905033836905e-4
1,52,52,104,2.75,2.28,1,Female,0.0024792407611131774,2.410904971095276e-5
2,49,59,108,3,2.13,0,Male,0.003077133091939046,3.072608148032271e-4
2,38,48,86,2.7,1.55,0,Male,0.0036111265885955955,5.202730448136601e-4
2,62,56,118,3.7,2.4,0,Male,0.003624842482734901,0.0010968455599544716
1,61,45,106,2.6,1.59,1,Female,0.0031917162092592382,6.298703814772638e-4
1,44,55,99,3,2.94,1,Female,0.0021733063597910354,8.011853768136717e-4
2,55,61,116,3.2,2.29,0,Male,0.0037952185438046874,5.475506702051744e-4
1,47,66,113,3.5,2.98,1,Female,0.0024855866532460013,1.2085326231461171e-4
2,44,44,88,3.1,3.66,0,Male,0.002909447662854811,0.004203943179470305
1,41,56,97,2.9,0.38,1,Female,0.0023489626402653065,0.005277642173695612
2,62,59,121,3.7,2.65,0,Male,0.004151988202649243,5.884053858113923e-4
2,60,68,128,3.7,1.95,0,Male,0.005839770013103835,0.006651157853168405
2,44,60,104,3.2,3.06,0,Male,0.0022001692290916685,4.1330965665449363e-4
2,63,58,121,3.7,3.87,0,Male,0.004151988202649243,0.001832181750157052
1,45,58,103,2.4,2.64,1,Female,0.00401972818953436,0.0013781298470333095
1,43,55,98,2.4,2.54,1,Female,0.0037758145385410635,0.001208148107965977
1,36,45,81,2.5,2.42,1,Female,0.005188783826359856,0.002122157932376413
2,58,53,111,3.3,3.44,0,Male,0.002711145731223848,0.0010359002790492286
2,62,68,130,4,3.91,0,Male,0.006566155934077689,0.0012633162876041532
1,41,61,102,4,2.46,1,Female,0.0060594216561928715,6.091980241487271e-4
1,58,59,117,3.75,2.79,1,Female,0.0034022274173698772,4.3129291943457066e-5
2,46,43,89,2.7,1.79,0,Male,0.0033714132375942223,1.5471409166806804e-4
2,45,61,106,4,3.22,0,Male,0.00399285111331805,1.069814805931784e-4
1,40,41,81,2.3,0.57,1,Female,0.005686265743932766,0.004064102439294939
1,63,68,131,4,3.48,1,Female,0.005983535794343521,1.8041603830583537e-4
2,53,54,107,3.5,2.13,0,Male,0.002317255338328549,6.763057961329419e-4
2,57,72,129,4,3.18,0,Male,0.006308523071235763,1.8756060718366974e-4
1,39,56,95,3.75,3.81,1,Female,0.005585065218499787,0.006128105203781015
1,45,66,111,2.7,2.49,1,Female,0.0032843378580417774,1.444743997471852e-4
1,52,67,119,3,1.87,1,Female,0.0034174293057112367,0.0010959224853355103
1,55,53,108,3.5,2.63,1,Female,0.0024837551759299527,3.639963474543395e-7
1,44,48,92,2.2,1.91,1,Female,0.0049513934184698665,2.0303449875332444e-4
2,56,45,101,3.8,3.1,0,Male,0.0032853941485695396,1.6181671617527033e-4
1,64,62,126,4,3.12,1,Female,0.0052118621967916735,2.429663676565284e-5
2,46,51,97,3.1,2.19,0,Male,0.0021923723757511712,6.199471758998337e-5
1,64,61,125,3.6,3.21,1,Female,0.0038978507136938705,1.752531435114404e-4
1,60,66,126,2.7,3.4,1,Female,0.0068143578877513005,0.004270081924096444
1,52,60,112,3.1,2.37,1,Female,0.002220557106236719,2.037444182732997e-5
2,46,61,107,3.75,2.67,0,Male,0.0028510232452074896,1.1326955719949058e-4
2,58,58,116,3.5,3.59,0,Male,0.003250235287481453,0.0011148928851124667
2,34,42,76,3.1,1.93,0,Male,0.005513538516015724,7.295457892533221e-5
2,54,64,118,3.8,3.17,0,Male,0.0037721141496355904,1.3069295884597285e-5
2,50,33,83,2.75,2.04,0,Male,0.0038641024123209286,1.1164545414756653e-5
1,59,63,122,3.2,1.96,1,Female,0.0034871841590977852,0.001358114280700211
2,49,45,94,3.7,2.07,0,Male,0.0036453665043357504,9.738525363174184e-4
1,37,42,79,2.2,2.35,1,Female,0.006444093680885739,0.0036238866512317194
2,55,55,110,3.75,3.06,0,Male,0.0029221147775607996,2.5629123445085776e-5
1,32,66,98,2.9,2.48,1,Female,0.0022770487161184495,1.7365443530408352e-4
1,41,68,109,3.3,2.58,1,Female,0.0020602018795967837,1.5301613282851135e-6
2,47,53,100,2.8,2.15,0,Male,0.003036302201018237,2.978264579598929e-5
2,49,41,90,2.7,2.42,0,Male,0.0033176673661549708,3.181487157033329e-4
1,53,68,121,3.2,2.09,1,Female,0.003294070408112378,8.236447165884506e-4
2,55,57,112,2.5,2.27,0,Male,0.007032992538214264,9.121543756319089e-7
1,43,52,95,2.7,2.31,1,Female,0.002762646942607993,1.952311240462776e-4
2,43,56,99,3,2.24,0,Male,0.002352732908956253,2.5582349684325018e-5
2,50,53,103,3.5,1.92,0,Male,0.0022426591087785093,9.966531191249778e-4
1,44,41,85,2,1.73,1,Female,0.0066505803951332956,3.7162418381192676e-4
1,64,59,123,2.5,3.38,1,Female,0.007377399927450446,0.006108132711968187
2,49,48,97,3.8,3.02,0,Male,0.003720201952162881,1.5825282315302356e-4
1,49,55,104,3.2,2.29,1,Female,0.0020122679267928234,2.2897665236835894e-5
1,43,45,88,2.5,1.33,1,Female,0.003951340219251008,5.787478867726851e-4
1,64,71,135,3.3,2.83,1,Female,0.0068276044808126025,6.921189793544502e-5
2,54,57,111,3.33,3.34,0,Male,0.0026715952393906255,7.187085038000181e-4
2,40,47,87,3.2,1.51,0,Male,0.0031645608820003567,0.0013967914193272976
2,50,53,103,3.2,1.16,0,Male,0.0021522638342728402,0.0029517168933444774
2,57,64,121,3.75,1.94,0,Male,0.00418988901696275,0.004240054808499959
1,49,59,108,3.8,1.74,1,Female,0.003807114967028527,0.003179370232660552
1,50,55,105,3.2,2.17,1,Female,0.0019830337571746346,9.764497068488967e-5
2,53,62,115,3.3,2.28,0,Male,0.0033346132806924677,5.956469299773509e-4
1,54,59,113,3.5,2.75,1,Female,0.0024855866532460013,1.5073287331870644e-6
1,51,56,107,3,2.8,1,Female,0.002043149644690141,3.0003627792245865e-4
2,38,40,78,3.8,2.53,0,Male,0.008643363763459817,1.2278766325067742e-5
1,61,65,126,3.7,2.43,1,Female,0.004225982894418246,0.0011167112361920922
2,44,44,88,2.7,1.84,0,Male,0.0034382383984807425,8.638230039118598e-5
1,56,61,117,3.7,2.05,1,Female,0.0032210882095829374,0.0016673592787465321
1,48,63,111,3,2.48,1,Female,0.002291974233874181,7.836021151680289e-6
1,55,67,122,3.3,2.75,1,Female,0.0033387032219103514,1.1246038510427812e-8
1,61,51,112,2.3,3.24,1,Female,0.006081742961852661,0.006439668358701839
1,46,44,90,3.6,2.69,1,Female,0.005828567266470854,3.027495986866185e-4
1,51,66,117,3,2.21,1,Female,0.003057589801068351,1.9134729028224182e-4
2,67,70,137,3.8,3.49,0,Male,0.008789212318264097,6.064777860369446e-5
1,49,40,89,2.3,2.24,1,Female,0.0045850297516664505,0.0010379713666611083
1,63,50,113,2.9,2.85,1,Female,0.002767854587588026,4.319379671458486e-4
2,40,50,90,2.5,1.62,0,Male,0.004189504162885779,3.222215031931533e-4
2,53,65,118,3.7,3.03,0,Male,0.003624842482734901,6.065637943682559e-7
2,48,42,90,3.6,3.1,0,Male,0.0038681655818140663,8.237142446889737e-4
2,43,43,86,2.5,1.59,0,Male,0.004352629327720474,2.731319547870202e-4
1,46,63,109,2.8,2.21,1,Female,0.002647433014343909,6.681431406727329e-6
1,67,60,127,3.3,2.43,1,Female,0.004419002532542734,5.012941426266398e-4
1,46,60,106,3.5,2.46,1,Female,0.002574577611134425,4.398713189714857e-5
2,58,58,116,4,2.96,0,Male,0.004149511193992311,1.4859148301922195e-4
2,43,61,104,2.8,2.2,0,Male,0.003410116158821786,4.042352666839404e-5
1,46,43,89,2.8,2.31,1,Female,0.003367497669848125,2.9716200828102415e-4
1,49,49,98,3.25,2.35,1,Female,0.0025723012573740825,1.7628018926310737e-9
2,59,64,123,2.75,2.57,0,Male,0.008451248712262048,2.9829443023588208e-6
1,39,55,94,2.8,3.04,1,Female,0.002697008151699434,0.0019633329308253377
2,39,52,91,3,2.14,0,Male,0.0025982133176081527,1.864815620596499e-5
2,67,52,119,4,2.27,0,Male,0.00445155536241636,0.0029745683719781036
2,55,54,109,3,1.83,0,Male,0.0032230184483957075,0.0011023391722621177
1,57,61,118,3,2.75,1,Female,0.0032309699086661586,1.2529067989543847e-4
2,51,52,103,2.5,1.87,0,Male,0.005104608861096387,2.813545211007205e-4
1,52,67,119,3.5,3.22,1,Female,0.0029194009777851805,3.504880516999946e-4
1,59,48,107,2.5,3.1,1,Female,0.0038231492077170437,0.0029449412122256715
1,45,64,109,2.9,2.29,1,Female,0.0023492286540228585,2.0605450738646105e-6
2,48,50,98,2.8,2.1,0,Male,0.0029278709588000844,3.901260807889636e-5
1,52,52,104,3.5,2.96,1,Female,0.00271771720412798,2.8070427862741194e-4
2,41,56,97,2,0.47,0,Male,0.008739024928999643,0.01090913852710437
2,47,48,95,3.5,2.88,0,Male,0.002721272543147404,1.7775536855145176e-4
2,52,70,122,4,3.83,0,Male,0.004871313135865843,0.0010971753262037482
1,49,57,106,3.4,1.6,1,Female,0.002281632299738376,0.0015170802765722526
1,38,53,91,2.5,2.23,1,Female,0.003617196586484841,4.316340459871469e-4
1,44,50,94,2.5,3.07,1,Female,0.003400766558744108,0.0035526316089827294
1,56,67,123,3.8,2.6,1,Female,0.004060427033488596,5.7776208564232e-4
1,45,58,103,2.75,1.15,1,Female,0.002448241312775301,0.00177142017697373
1,59,67,126,3.5,2.88,1,Female,0.004020625359598356,4.904027826655749e-6
1,53,72,125,3.7,3.71,1,Female,0.0040620107716474625,0.0014186514613737302
2,53,38,91,4,3.41,0,Male,0.006210227763669844,0.0017025890135492485
2,66,66,132,3.5,3.65,0,Male,0.007524724197651789,0.0013848972341803263
2,36,35,71,2.3,1.65,0,Male,0.0074424137319324965,6.432671292747113e-5
2,57,54,111,3.7,2.15,0,Male,0.0028526109335892313,0.0012842105346382703
2,51,51,102,3.5,2.57,0,Male,0.0022567082750091752,2.2620526429886716e-5
2,76,68,144,4,3.66,0,Male,0.01154634140582805,1.9406755716530915e-5
1,60,66,126,4,3.31,1,Female,0.0052118621967916735,4.603031001053577e-5
1,46,52,98,3,2.84,1,Female,0.002248432751691364,6.439326896703393e-4
1,54,50,104,2.7,1.83,1,Female,0.0026441004649504817,1.7998844862253413e-4
2,55,64,119,3.6,3.35,0,Male,0.0037468775902449415,3.2476010009342004e-4
1,54,63,117,3.3,1.35,1,Female,0.002585386147459726,0.003272772316393578
2,52,43,95,3.4,3.1,0,Male,0.002470427660687106,5.941063237909746e-4
2,51,59,110,3.7,3.1,0,Male,0.002794609298643217,6.41300472736996e-5
1,49,51,100,3,2.19,1,Female,0.002111259257337978,4.171958591709079e-6
2,41,50,91,3,3.35,0,Male,0.0025982133176081527,0.0023246059782768844
2,57,59,116,4,3.91,0,Male,0.004149511193992311,0.0016011329323484872
1,54,52,106,2.7,1.83,1,Female,0.0027616289871687863,2.2767822668787015e-4
2,32,38,70,2.2,1.29,0,Male,0.008105909061817842,1.9308270748764965e-4
2,68,74,142,4,2.55,0,Male,0.010677934865067898,0.008378068582795292
2,49,51,100,3.25,2.68,0,Male,0.0020700399847067355,3.9693400987602797e-5
2,41,45,86,3.5,2.96,0,Male,0.0042602782995285905,8.333385813405197e-4
2,47,48,95,3,2.45,0,Male,0.00237083879770404,3.818652936565034e-5
1,51,54,105,3.25,2.7,1,Female,0.0020359758414514907,8.598182484614331e-5
1,57,59,116,3,2.24,1,Female,0.0028972889829178136,1.295577303437691e-4
1,36,38,74,2.9,2.04,1,Female,0.007612866783089634,3.5795799026255913e-4
1,44,59,103,3.67,2.38,1,Female,0.003597420883936664,2.0826194975267874e-4
1,47,55,102,2.5,1.79,1,Female,0.0033991085537820468,1.0274269944386417e-4
1,47,44,91,3,2,1,Female,0.0031405375995172315,2.4598481293554e-5
1,44,54,98,3.04,2.24,1,Female,0.002262292504592558,6.326931938772117e-8
1,43,46,89,2.5,1.63,1,Female,0.0038268797188816817,7.494151370044012e-5
2,39,31,70,2.3,1.13,0,Male,0.007679499074066919,8.826303705472803e-4
1,49,48,97,2.5,1.73,1,Female,0.003302050136028808,8.396471280769e-5
1,60,53,113,2.2,1.36,1,Female,0.007209414711858192,0.002133014169093296
1,50,60,110,3,2.81,1,Female,0.002210149152407266,2.7465574258639543e-4
2,40,48,88,3.1,1.17,0,Male,0.002909447662854811,0.002459533523909039
2,60,59,119,3.5,2.48,0,Male,0.0037966558139166193,6.071508157648126e-4
1,61,57,118,3.2,1.98,1,Female,0.0027932048918397805,8.579154446341977e-4
1,42,57,99,2.8,1.72,1,Female,0.002353500869732501,2.6658325588154775e-4
1,46,56,102,3.5,2.69,1,Female,0.002913173954910615,4.0289431088353945e-5
2,50,56,106,4,2.98,0,Male,0.00399285111331805,6.717427576698789e-6
2,44,57,101,4,3.4,0,Male,0.004404994427253555,6.459502694125764e-4
1,68,73,141,4,3.48,1,Female,0.008507829697992493,1.526603235647295e-5
2,43,45,88,2.5,2.15,0,Male,0.004244908166408586,1.7159171654688397e-4
1,54,60,114,3,2.4,1,Female,0.0026159252149585495,6.263967049389637e-6
1,49,55,104,3,2.42,1,Female,0.0019938637419984495,1.953666530660087e-5
2,50,50,100,3.7,2.19,0,Male,0.0029339538687829405,7.126482868538164e-4
1,54,54,108,3.3,1.5,1,Female,0.002053410648626632,0.001586670132973734
1,56,58,114,3.5,3.17,1,Female,0.0025251908170510224,3.4427330330581235e-4
1,55,65,120,2.3,1.94,1,Female,0.008224170752509382,2.896281075676459e-4
1,49,44,93,2.7,2.38,1,Female,0.0029328627882296357,3.628147906841578e-4
